{"Train_loss": [2.0738733728726704, 0.897713816165924, 0.9124205509821574, 0.8334330320358276, 0.8345314264297485, 0.829887866973877, 0.7497931122779846, 0.7521127223968506, 0.7360420107841492, 0.7696585655212402, 0.7365613460540772, 0.7270169814427694, 0.6584303597609202, 0.7031308948993683, 0.7947972536087036, 0.6206246634324392, 0.583758024374644, 0.6082398811976115, 0.6449663062890371, 0.5887312014897664, 0.5771543900171916, 0.5591321686903635, 0.5734601934750875, 0.5313665052254994, 0.5653262337048849, 0.49319037397702536, 0.5007887323697408, 0.44855120182037356, 0.47517109513282774, 0.47993022402127583, 0.49716081221898395, 0.5328298389911652, 0.49096999963124593, 0.5242614527543386, 0.4441004812717438, 0.4714043160279592, 0.45470893184343975, 0.4089290181795756, 0.4362852871417999, 0.3624611347913742, 0.415767240524292, 0.39938400983810424, 0.413276735941569, 0.37224368353684745, 0.3591970006624858, 0.3654055873552958, 0.35843511621157326, 0.37494386931260426, 0.40065037210782367, 0.3907951871554057, 0.36332784791787465, 0.33458033700784046, 0.35570119122664134, 0.35570326149463655, 0.3216314256191254, 0.34566377798716225, 0.34538023471832274, 0.30980177223682404, 0.3110674023628235, 0.28773170709609985, 0.3139927238225937, 0.3429826319217682, 0.3067622562249502, 0.3145201375087102, 0.31653642157713574, 0.30089743236700695, 0.2911443054676056, 0.2970444579919179, 0.31124590933322904, 0.2649860034386317, 0.2654150774081548, 0.28512179652849834, 0.32039533456166586, 0.28021859923998516, 0.29442261954148613, 0.29820003509521487, 0.26314640839894615, 0.29926899671554563, 0.29420568943023684, 0.2662370155255, 0.26481624245643615, 0.2857286840677261, 0.27167908747990926, 0.295194137096405, 0.2616665154695511, 0.295680962006251, 0.26179323593775433, 0.29119625290234885, 0.30838255683581034, 0.30500102738539375, 0.26394572158654533, 0.2635819007953008, 0.2945046196381251, 0.2914734532435735, 0.2847743064165115, 0.28344960510730743, 0.26357252697149913, 0.26141999661922455, 0.2473868687947591, 0.21879682342211407], "Train_dice_score": [0.1639730600019296, 0.3292530874411265, 0.35390515128771466, 0.35662035942077636, 0.3670283337434133, 0.4002274910608927, 0.4107498447100321, 0.4373351256052653, 0.42573023637135826, 0.4554738481839498, 0.40664510329564413, 0.4426494459311167, 0.47190664807955424, 0.46084377765655515, 0.4643443405628204, 0.5217540582021077, 0.5155086159706116, 0.5006101985772451, 0.5212047060330709, 0.49415792226791383, 0.5404589056968689, 0.5763037780920665, 0.539559535185496, 0.5914452791213989, 0.5623873611291249, 0.6265540202458699, 0.5506516536076863, 0.6289642035961152, 0.6093541860580445, 0.6155068675676981, 0.5861925701300303, 0.5956920901934306, 0.6187219878037771, 0.6144180615743001, 0.6148762623469035, 0.6138167103131612, 0.6597955663998921, 0.6650684634844463, 0.6508503516515096, 0.6935524106025696, 0.6759023825327556, 0.6426308254400889, 0.6937305092811584, 0.6908035477002462, 0.6919093608856202, 0.7042299429575603, 0.722773285706838, 0.7061854600906372, 0.6709090789159139, 0.6977456152439118, 0.7219391544659932, 0.7132751742998759, 0.714865485827128, 0.7113209346930186, 0.7095542788505554, 0.7304596543312073, 0.7169968088467916, 0.7141328891118367, 0.7343034545580546, 0.7530537803967794, 0.7342503547668457, 0.7308155655860901, 0.7436139623324076, 0.7530180255572001, 0.7508677999178569, 0.7396692276000977, 0.758289631207784, 0.7342517813046773, 0.7519812027613322, 0.7692811806996663, 0.7686789075533549, 0.7507969697316488, 0.7706866145133973, 0.7637257615725199, 0.7714140375455221, 0.7240216255187988, 0.7469724535942077, 0.766411546866099, 0.7529469092686971, 0.7777186910311381, 0.7612539211908976, 0.7756596287091573, 0.7544825990994771, 0.7475465893745422, 0.7758578697840373, 0.7518479108810425, 0.7838061809539795, 0.7625403722127279, 0.7578280806541443, 0.7709259788195292, 0.7856715122858683, 0.7733155568440755, 0.7656190236409505, 0.7149714787801107, 0.7485700011253357, 0.7552051067352294, 0.7705324053764343, 0.7650014241536458, 0.7881025830904643, 0.8038307905197144]}