{"Train_loss": [0.34395795365174614, 0.3246177792549133, 0.2839255779981613, 0.29320869545141853, 0.27133773068586986, 0.2536311984062195, 0.25084226081768674, 0.2530430773893992, 0.2531931827465693, 0.2567193667093913, 0.24119824171066284, 0.28773852487405144, 0.24736450016498565, 0.2525072107712428, 0.27304065227508545, 0.26392272810141243, 0.2254194547732671, 0.23492014507452647, 0.23457671602567037, 0.20884607930978139, 0.21871455411116283, 0.21554513374964396, 0.23032292028268178, 0.2279613475004832, 0.22978890438874564, 0.2483296791712443, 0.20315088629722594, 0.2015441079934438, 0.20529129405816396, 0.20971733729044598, 0.20704043805599212, 0.23383532464504242, 0.20437120000521342, 0.23722313543160756, 0.2219263861576716, 0.24121709366639454, 0.2204281320174535, 0.19803111255168915, 0.22047969500223796, 0.18315890183051428, 0.20472189386685688, 0.18842211713393528, 0.19765801429748536, 0.1888907606403033, 0.18014671802520751, 0.17943920344114303, 0.18247115363677344, 0.16131174812714258, 0.17898005147775015, 0.17117879490057628, 0.16769547015428543, 0.16352193007866542, 0.18086022635300955, 0.16501843929290771, 0.16092340151468912, 0.171187927822272, 0.1855233242114385, 0.15777022937933605, 0.15837068061033885, 0.17231173564990362, 0.1699674849708875, 0.18700746297836304, 0.17461157143115996, 0.16421779592831928, 0.15552708208560945, 0.1549555574854215, 0.15961102495590845, 0.1491654393573602, 0.14898402988910675, 0.1426315372188886, 0.13943296074867248, 0.1479348217447599, 0.152255812784036, 0.13804571678241093, 0.1504411573211352, 0.14200224429368974, 0.13763317887981733, 0.14186737636725108, 0.14559913873672486, 0.14551456421613693, 0.13572425494591395, 0.14812589883804322, 0.15601064413785934, 0.14780214776595432, 0.14673367043336233, 0.1520567352573077, 0.13551868547995885, 0.13761883427699406, 0.147989226380984, 0.15481751412153244, 0.15570670664310454, 0.1497223859031995, 0.15818001329898834, 0.1561885192990303, 0.15414110521475474, 0.1554534415404002, 0.1546157941222191, 0.1385765547553698, 0.13388341814279556, 0.1267160400748253], "Train_dice_score": [0.7260459542274476, 0.7351899345715841, 0.7317800084749858, 0.7430285851160685, 0.7438055872917175, 0.7867193539937337, 0.7833501736323039, 0.7897690375645955, 0.7730754772822063, 0.7975424448649089, 0.7792965571085612, 0.7800885836283366, 0.7839415073394775, 0.8002524455388387, 0.785475484530131, 0.7911948839823405, 0.7965672850608826, 0.8052664955457052, 0.8086517254511515, 0.8102104266484579, 0.7954656561215718, 0.8183760364850362, 0.7967389543851217, 0.812834378083547, 0.801866372426351, 0.7948500076929729, 0.8227640310923259, 0.802419141928355, 0.8152024348576864, 0.8061278343200684, 0.8087672193845113, 0.7934748411178589, 0.8131649216016134, 0.8057711760203043, 0.7957759102185568, 0.7813136021296183, 0.8059186538060507, 0.8181192437807719, 0.807286540667216, 0.821031141281128, 0.8162091811498006, 0.8214327653249105, 0.8327255288759867, 0.8273555239041647, 0.830953323841095, 0.8364452123641968, 0.8479099909464518, 0.8495407938957215, 0.8260480403900147, 0.8415977835655213, 0.8431213021278381, 0.8468425273895264, 0.8386460264523824, 0.8362068970998128, 0.8218428770701091, 0.8458756605784098, 0.8335802396138509, 0.8452196041742961, 0.8344924370447795, 0.8309131066004435, 0.837141489982605, 0.8349652806917827, 0.8418027599652608, 0.8511703292528788, 0.8536690791447957, 0.8448779781659445, 0.8507047971089681, 0.8445657134056092, 0.8627837419509887, 0.8647993167241415, 0.8682643334070842, 0.8592522422472636, 0.861865492661794, 0.8613220850626627, 0.862804627418518, 0.8573357224464416, 0.8593172669410706, 0.864319634437561, 0.8653370261192321, 0.8633576234181722, 0.8630020221074423, 0.8644406278928121, 0.8518729011217753, 0.8583268205324809, 0.8643134315808614, 0.8496282219886779, 0.8751328269640605, 0.8688097794850668, 0.8559206287066142, 0.8649006724357605, 0.8646464387575785, 0.8485644261042277, 0.854329514503479, 0.8502428332964579, 0.8553235769271851, 0.8464444955190022, 0.8451992710431416, 0.8513203461964926, 0.8695636510848999, 0.8756322582562764]}707052]}