{"Train_loss": [1.8018340269724529], "Train_dice_score": [0.014645198597281705]}