{"Train_loss": [0.32276913630110876, 0.20886983882103646, 0.1740203851035663, 0.1602736503950187, 0.1521308682858944, 0.14901937970093318, 0.13442375191620418, 0.1385703794658184, 0.13799164603863442, 0.14565703113164222, 0.150659834167787, 0.1496608086994716, 0.14294064044952393, 0.14002817603094236, 0.14536082265632494, 0.1479759386607579, 0.1305139118007251, 0.14899640902876854, 0.1271198487707547, 0.1428255715540477, 0.12291000996317182, 0.13486978145582335, 0.12531890986221178, 0.12805793487599917, 0.13843359585319245, 0.12799968996218272, 0.13950642198324203, 0.1437316755098956, 0.13330526862825667, 0.12964454293251038, 0.13650242239236832, 0.13881607513342584, 0.1286968088575772, 0.12775812138404166, 0.1309137259210859, 0.14757682329842023, 0.13289474163736617, 0.12624417671135493, 0.13808794798595564, 0.11795042295541082, 0.13355226016470365, 0.12182177550026349, 0.12343514072043556, 0.11835623745407377, 0.1382485745208604, 0.1210170750107084, 0.13340685782688005, 0.14469542354345322, 0.12819482226456916, 0.12106744891830853, 0.10766074700014931, 0.1357902724828039, 0.11814229669315475, 0.11716630895222936, 0.12236383770193372, 0.11391495593956538, 0.12352989773665156, 0.11507436260581017, 0.12500254969511712, 0.12444746281419482, 0.1127554683813027, 0.11050575865166527, 0.11365389664258276, 0.10905162191816739, 0.10585582974765982, 0.11169091292790004, 0.12663644977978297, 0.11726063756006104, 0.12428293749690056, 0.127634375755276, 0.11299669423273631, 0.11777687924248832, 0.12001584417053632, 0.11579725625259536, 0.10836107762796539, 0.11339852799262319, 0.11518566044313568, 0.10379379242658615, 0.12271370845181602, 0.11633430953536715, 0.1136105592761721, 0.11740945439253535, 0.1209805714232581, 0.10958166686551911, 0.11678424584014076, 0.10160320145743233, 0.10215702413448266, 0.10150207286434514, 0.10776685337935175, 0.1055629833468369, 0.099415408713477, 0.09578099953276771, 0.09942908372197833, 0.10878857491271836, 0.1021642844591822, 0.09935898653098515, 0.09974118428570884, 0.12141466247183937, 0.09850231451647622, 0.0958237855562142],
 "Train_dice_score": [0.65861362857478, 0.6946427694388798, 0.7286486455372402, 0.7552851353372846, 0.8027226201125554, 0.7893678035054889, 0.7987862995692662, 0.7965790331363678, 0.8018742629459926, 0.7652410864830017, 0.8053049402577537, 0.7877614668437413, 0.8091006066117968, 0.810321352311543, 0.791210412979126, 0.7987162513392312, 0.8103569362844739, 0.8061332745211465, 0.8048469594546727, 0.8072473789964404, 0.8306354795183454, 0.8199498653411865, 0.8215911132948739, 0.8233848427023206, 0.8029581521238599, 0.8199085635798318, 0.8072727450302669, 0.8036615933690753, 0.8018624016216823, 0.8073585118566241, 0.8108946638447898, 0.8135426044464111, 0.7978744677134922, 0.8054115474224091, 0.8034935891628265, 0.8167127796581813, 0.80828343970435, 0.8226772121020726, 0.8140537568501064, 0.8267702417714256, 0.8208999165466854, 0.8357371134417397, 0.8198757256780352, 0.8323103359767369, 0.824338606425694, 0.8303901851177216, 0.8188351222446987, 0.8149534208433968, 0.8359866780894143, 0.8232917657920292, 0.8453263086932046, 0.8145188561507634, 0.8372097909450531, 0.8458776942321232, 0.8361028007098606, 0.8470616042613983, 0.8379279971122742, 0.8404330611228943, 0.8303433571543012, 0.80777165719441, 0.8397499408040728, 0.836630608354296, 0.8438524731567928, 0.8467323439461845, 0.8426225696291242, 0.8468880483082363, 0.8296536377498082, 0.8404803148337773, 0.8253890233380454, 0.8194765363420758, 0.8480387542928968, 0.8300768051828656, 0.8334224138941083, 0.8409977172102246, 0.8261857884270805, 0.834938074861254, 0.8406520698751722, 0.8170073287827628, 0.8254919179848262, 0.8366575879710061, 0.8489289326327187, 0.8298831369195666, 0.8461885324546269, 0.8274684080055782, 0.8283808657101223, 0.8595946686608451, 0.8236946676458631, 0.8585980662277767, 0.8198892857347216, 0.8464443896497998, 0.8488625884056091, 0.8483766913414001, 0.8511324865477425, 0.8535879254341125, 0.8633727218423571, 0.8503345804555076, 0.8545541678156171, 0.8499825554234641, 0.858685314655304, 0.8646380305290222]}