{"Train_loss": [2.542262784072331, 1.1402196628706796, 1.0152507722377777, 0.9865689490522657, 0.9568150596959251, 0.9142388147967202, 0.8865923540932792, 0.8785180236612048, 0.8207080406802041, 0.8913963522229876, 0.8130026246820178, 0.7782931242670331, 0.7686394367899213, 0.7787712173802512, 0.7569814963000161, 0.7747214691979545, 0.746827210698809, 0.7414698132446834, 0.6966127284935543, 0.7748268118926457, 0.6663415623562676, 0.6777267498629433, 0.6943573611123222, 0.6184587436062949, 0.6394271509987968, 0.6257254012993404, 0.6502085242952619, 0.6352753213473729, 0.5853552924735206, 0.6335936486721039, 0.6056632910455976, 0.6142666786909103, 0.6731193278517041, 0.5929920503071376, 0.6451939280544009, 0.6455946692398616, 0.6026226856878826, 0.6350197153432029, 0.6013419926166534, 0.5816740691661835, 0.6284659228154591, 0.6182215490511486, 0.5872098292623248, 0.5978923269680568, 0.6823079628603799, 0.620910861662456, 0.5846531859466008, 0.5863973732505526, 0.5831468765224729, 0.5688619017601013, 0.5364133694342205, 0.585031270980835, 0.587045071380479, 0.5456853977271489, 0.5415167361497879, 0.5629224819796426, 0.5691361257008144, 0.6256698646715709, 0.5872567998511451, 0.5694090149232319, 0.5239467173814774, 0.5556123810155051, 0.5522109461682183, 0.5596418082714081, 0.5170837725911822, 0.5995599414621081, 0.5804230655942645, 0.5373016084943499, 0.518771863409451, 0.5574141421488353, 0.5334901234933308, 0.5674567116158349, 0.5614526697567531, 0.5491833282368523, 0.552142967070852, 0.5618979568992343, 0.590270323412759, 0.5261106874261584, 0.5888615782771792, 0.564599660890443, 0.5365278550556728, 0.5872787833213806, 0.5559652043240411, 0.5288767835923603, 0.5724583161728722, 0.5483861139842442, 0.5260114669799805, 0.550579139164516, 0.5675397238561085, 0.5795107420001712, 0.5623303673097065, 0.5588592631476266, 0.5373980466808591, 0.5854253130299705, 0.5922094072614398, 0.5775576723473412, 0.5646963651691165, 0.5853088200092316, 0.5486061573028564, 0.5450393578835896], "Train_dice_score": [0.35930074538503376, 0.5907980459077018, 0.6868770463126046, 0.750431980405535, 0.7768946886062622, 0.7881008642060416, 0.8000259399414062, 0.8046351671218872, 0.8174347281455994, 0.8036132625171116, 0.8131352833339146, 0.8114253963742938, 0.8397206834384373, 0.8209529902253833, 0.8320891984871456, 0.8210808166435787, 0.8180637189320156, 0.8329374151570457, 0.8548769780567714, 0.8282854684761592, 0.8496778351919991, 0.8536951414176396, 0.8486520562853131, 0.8628012793404716, 0.8695115787642342, 0.8796923160552979, 0.874966140304293, 0.8804723535265241, 0.8880843775612968, 0.8864156603813171, 0.8976264085088458, 0.8859680635588509, 0.8815215911184039, 0.8934817228998456, 0.9014781287738255, 0.8958648613521031, 0.8991059788635799, 0.8984355926513672, 0.8955382108688354, 0.9018863439559937, 0.9124833345413208, 0.9152325562068394, 0.8951521600995745, 0.9114897123404911, 0.9145443609782627, 0.8789291211536953, 0.9095899377550397, 0.9252161170755114, 0.9169719900403704, 0.9152310235159737, 0.924973692212786, 0.9217023636613574, 0.9225911327770778, 0.923510125705174, 0.9177553270544324, 0.9226321109703609, 0.9236439338752201, 0.91934848683221, 0.9222060782568795, 0.9266232848167419, 0.9253984561988285, 0.9267465089048658, 0.9243983115468707, 0.9221329348427909, 0.9234536034720284, 0.9208469476018634, 0.9294575537954058, 0.9242276634488787, 0.9268127168927874, 0.9198610399450574, 0.9265641399792263, 0.9215161715235028, 0.9261664322444371, 0.9185908607074192, 0.9177255289895194, 0.921807565859386, 0.9182971715927124, 0.9230731725692749, 0.9242568526949201, 0.9242475160530635, 0.9315964707306453, 0.9181901684829167, 0.9249991263662066, 0.9215855939047677, 0.9187176483018058, 0.9257396587303707, 0.9170360905783517, 0.9219210147857666, 0.9153969756194523, 0.9241759904793331, 0.9237818036760602, 0.9179931538445609, 0.9183681011199951, 0.920269753251757, 0.9213024973869324, 0.9193916405950274, 0.9251486659049988, 0.9306727562631879, 0.9230216656412397, 0.9229417528424945]}